<?xml version="1.0" encoding="UTF-8"?>
<project-private xmlns="http://www.netbeans.org/ns/project-private/1">
    <editor-bookmarks xmlns="http://www.netbeans.org/ns/editor-bookmarks/2" lastBookmarkId="0"/>
    <open-files xmlns="http://www.netbeans.org/ns/projectui-open-files/2">
        <group>
            <file>file:/P:/Private/Git/NetCentricTeamOne/WebRosterMVC/src/java/Controller/RosterCRUDController.java</file>
            <file>file:/P:/Private/Git/NetCentricTeamOne/WebRosterMVC/web/css/browse.css</file>
            <file>file:/P:/Private/Git/NetCentricTeamOne/WebRosterMVC/web/views/deleteTeam.jsp</file>
            <file>file:/P:/Private/Git/NetCentricTeamOne/WebRosterMVC/web/js/browse.js</file>
            <file>file:/P:/Private/Git/NetCentricTeamOne/WebRosterMVC/web/views/browse.jsp</file>
            <file>file:/P:/Private/Git/NetCentricTeamOne/WebRosterMVC/web/views/navigation.jsp</file>
            <file>file:/P:/Private/Git/NetCentricTeamOne/WebRosterMVC/web/WEB-INF/web.xml</file>
            <file>file:/P:/Private/Git/NetCentricTeamOne/WebRosterMVC/web/views/addStudent.jsp</file>
            <file>file:/P:/Private/Git/NetCentricTeamOne/WebRosterMVC/web/views/deleteStudent.jsp</file>
            <file>file:/P:/Private/Git/NetCentricTeamOne/WebRosterMVC/web/css/navigation.css</file>
        </group>
    </open-files>
</project-private>
