<?xml version="1.0" encoding="UTF-8"?>
<project-private xmlns="http://www.netbeans.org/ns/project-private/1">
    <editor-bookmarks xmlns="http://www.netbeans.org/ns/editor-bookmarks/2" lastBookmarkId="0"/>
    <open-files xmlns="http://www.netbeans.org/ns/projectui-open-files/2">
        <group>
            <file>file:/C:/Users/Caleb/Documents/Classes/cmpsc/cmpsc421%20(Net-Centric%20Computing)/NetCentricTeamOne/NetCentricTeamOne/WebRosterMVC/web/js/nav.js</file>
            <file>file:/C:/Users/Caleb/Documents/Classes/cmpsc/cmpsc421%20(Net-Centric%20Computing)/NetCentricTeamOne/NetCentricTeamOne/WebRosterMVC/web/views/deleteTeam.jsp</file>
            <file>file:/C:/Users/Caleb/Documents/Classes/cmpsc/cmpsc421%20(Net-Centric%20Computing)/NetCentricTeamOne/NetCentricTeamOne/WebRosterMVC/web/index.jsp</file>
            <file>file:/C:/Users/Caleb/Documents/Classes/cmpsc/cmpsc421%20(Net-Centric%20Computing)/NetCentricTeamOne/NetCentricTeamOne/WebRosterMVC/web/views/navigation.jsp</file>
            <file>file:/C:/Users/Caleb/Documents/Classes/cmpsc/cmpsc421%20(Net-Centric%20Computing)/NetCentricTeamOne/NetCentricTeamOne/WebRosterMVC/web/WEB-INF/web.xml</file>
            <file>file:/C:/Users/Caleb/Documents/Classes/cmpsc/cmpsc421%20(Net-Centric%20Computing)/NetCentricTeamOne/NetCentricTeamOne/WebRosterMVC/web/js/table.js</file>
            <file>file:/C:/Users/Caleb/Documents/Classes/cmpsc/cmpsc421%20(Net-Centric%20Computing)/NetCentricTeamOne/NetCentricTeamOne/WebRosterMVC/web/views/deleteStudent.jsp</file>
            <file>file:/C:/Users/Caleb/Documents/Classes/cmpsc/cmpsc421%20(Net-Centric%20Computing)/NetCentricTeamOne/NetCentricTeamOne/WebRosterMVC/web/views/browse.jsp</file>
            <file>file:/C:/Users/Caleb/Documents/Classes/cmpsc/cmpsc421%20(Net-Centric%20Computing)/NetCentricTeamOne/NetCentricTeamOne/WebRosterMVC/web/views/addStudent.jsp</file>
        </group>
    </open-files>
</project-private>
