<?xml version="1.0" encoding="UTF-8"?>
<project-private xmlns="http://www.netbeans.org/ns/project-private/1">
    <editor-bookmarks xmlns="http://www.netbeans.org/ns/editor-bookmarks/2" lastBookmarkId="0"/>
    <open-files xmlns="http://www.netbeans.org/ns/projectui-open-files/2">
        <group>
            <file>file:/C:/Users/Caleb/Documents/Classes/cmpsc/cmpsc421%20(Net-Centric%20Computing)/NetCentricTeamOne/NetCentricTeamOne/WebRosterJTable/src/java/DAO/CrudDao.java</file>
            <file>file:/C:/Users/Caleb/Documents/Classes/cmpsc/cmpsc421%20(Net-Centric%20Computing)/NetCentricTeamOne/NetCentricTeamOne/WebRosterJTable/src/java/DAO/students.sql</file>
        </group>
    </open-files>
</project-private>
